,id,filter_type,like_count,comment_count,num_tag,a_raw_name,result,foodornot,raw_url
25,1530220941736256278_1819509241,0,2.085959711,2,0.871445816,1,0.606,1,http://scontent-icn1-1.cdninstagram.com/t51.2885-15/e35/18888591_1610629018968667_6166514353387339776_n.jpg?ig_cache_key=MTUzMDIyMDk0MTczNjI1NjI3OA%3D%3D.2&se=7
46,1530170467959435603_5376733539,0,-0.110655896,3,1.470260539,1,0.394,0,http://scontent-icn1-1.cdninstagram.com/t51.2885-15/e35/18812936_808842382613347_8816202445634928640_n.jpg?ig_cache_key=MTUzMDE3MDQ2Nzk1OTQzNTYwMw%3D%3D.2
63,1529490243965688176_5423380832,0,4.372170046,1,1.470260539,1,0.364,1,http://scontent-icn1-1.cdninstagram.com/t51.2885-15/e35/18809320_120245455224470_6462402252500893696_n.jpg?ig_cache_key=MTUyOTQ5MDI0Mzk2NTY4ODE3Ng%3D%3D.2&se=7
77,1530301133674601575_4146366144,0,-0.300658512,0,0.97124827,0,0.273,0,http://scontent-icn1-1.cdninstagram.com/t51.2885-15/e35/18723617_615125762017697_3428826435693838336_n.jpg?ig_cache_key=MTUzMDMwMTEzMzY3NDYwMTU3NQ%3D%3D.2
100,1530296810755676832_5398174049,0,-0.320740089,0,1.470260539,1,0.273,1,http://scontent-icn1-1.cdninstagram.com/t51.2885-15/e35/18812846_1951148578244255_5003162701090783232_n.jpg?ig_cache_key=MTUzMDI5NjI0MTc1NjUxMTY3NQ%3D%3D.2&se=7
131,1530273643837255710_4146366144,0,-0.280576934,4,0.97124827,0,0.273,0,http://scontent-icn1-1.cdninstagram.com/t51.2885-15/e35/18812935_428216054207835_1196581127070941184_n.jpg?ig_cache_key=MTUzMDI3MzY0MzgzNzI1NTcxMA%3D%3D.2&se=7
158,1530057044601533252_4146366144,0,-0.200250625,2,0.97124827,0,0.273,0,http://scontent-icn1-1.cdninstagram.com/t51.2885-15/e35/18879828_735269333312090_2413761119156961280_n.jpg?ig_cache_key=MTUzMDA1NzA0NDYwMTUzMzI1Mg%3D%3D.2&se=8
178,1529743110577274051_1467269062,0,0.715778246,3,1.370458085,0,0.242,1,http://scontent-icn1-1.cdninstagram.com/t51.2885-15/e35/18948321_131541970752544_3860332402534514688_n.jpg?ig_cache_key=MTUyOTc0MzExMDU3NzI3NDA1MQ%3D%3D.2&se=7
203,1530282642531122660_5398174049,0,-0.317650615,0,1.570062993,1,0.242,1,http://scontent-icn1-1.cdninstagram.com/t51.2885-15/e35/18879073_132774813957921_3781392260843700224_n.jpg?ig_cache_key=MTUzMDI4MjU1MTE4NzM3MTMxNQ%3D%3D.2&se=7
221,1529862311731349175_5398174049,0,-0.26358483,4,1.869470354,1,0.242,1,http://scontent-icn1-1.cdninstagram.com/t51.2885-15/e35/18812328_626155540926844_1898151850050322432_n.jpg?ig_cache_key=MTUyOTg2MjE4MTI2MzQ0MTQ0MA%3D%3D.2&se=7
238,1530241617708810491_1088575182,0,-0.25431641,2,1.769667901,1,0.182,1,http://scontent-icn1-1.cdninstagram.com/t51.2885-15/e35/18879215_1935882163325540_723691075864100864_n.jpg?ig_cache_key=MTUzMDI0MTYxNzcwODgxMDQ5MQ%3D%3D.2
263,1530221212528815402_1088575182,0,-0.25895062,2,1.769667901,1,0.182,1,http://scontent-icn1-1.cdninstagram.com/t51.2885-15/e35/18879097_449467562084059_115353699060023296_n.jpg?ig_cache_key=MTUzMDIyMTIxMjUyODgxNTQwMg%3D%3D.2&se=7
287,1530181106250229446_1088575182,0,-0.220332202,4,1.769667901,1,0.182,0,http://scontent-icn1-1.cdninstagram.com/t51.2885-15/e35/18879459_1740200816278615_7417484579767844864_n.jpg?ig_cache_key=MTUzMDE4MTEwNjI1MDIyOTQ0Ng%3D%3D.2&se=7
301,1530165690513729676_1088575182,0,-0.280576934,0,1.769667901,1,0.182,1,http://scontent-icn1-1.cdninstagram.com/t51.2885-15/e35/18812548_482861798724960_6499867939418669056_n.jpg?ig_cache_key=MTUzMDE2NTY5MDUxMzcyOTY3Ng%3D%3D.2
315,1530148640365415540_1418269651,0,-0.316105879,2,0.671840909,1,0.182,1,http://scontent-icn1-1.cdninstagram.com/t51.2885-15/e35/18812683_371405179924212_7698629449587097600_n.jpg?ig_cache_key=MTUzMDE0ODY0MDM2NTQxNTU0MA%3D%3D.2&se=7
334,1530146391984637791_4870389047,0,-0.330008509,0,1.669865447,0,0.182,1,http://scontent-icn1-1.cdninstagram.com/t51.2885-15/e35/18812627_100335047239654_7787677938542968832_n.jpg?ig_cache_key=MTUzMDE0NjI4OTAwNjA3MjY0Ng%3D%3D.2
353,1529892289941277617_3943168378,0,-0.266674304,6,0.572038455,0,0.152,0,http://scontent-icn1-1.cdninstagram.com/t51.2885-15/e35/18888578_1829984847320026_3488517869698809856_n.jpg?ig_cache_key=MTUyOTg5MTk5MTY3NTk0NzYyNA%3D%3D.2&se=7
386,1530272396953684779_597645790,1,-0.350090086,1,1.570062993,1,0.121,0,http://scontent-icn1-1.cdninstagram.com/t51.2885-15/e35/18879580_304985046611296_5191496312645746688_n.jpg?ig_cache_key=MTUzMDI3MjM5Njk1MzY4NDc3OQ%3D%3D.2&se=7
401,1530207491291702007_1579648675,0,-0.316105879,3,0.472236001,1,0.121,0,http://scontent-icn1-1.cdninstagram.com/t51.2885-15/e35/18809394_1385728051513817_4569774215724531712_n.jpg?ig_cache_key=MTUzMDIwNDUyMDE2NDEwMjY2Mw%3D%3D.2&se=7
429,1530174420320516350_3955431644,0,-0.299113775,12,0.97124827,0,0.121,0,http://scontent-icn1-1.cdninstagram.com/t51.2885-15/e35/18879147_1940639019506546_8472495115087118336_n.jpg?ig_cache_key=MTUzMDE3MjY1MzkwNTk5MzA0Nw%3D%3D.2&se=7
447,1530205286304092618_3173006534,0,2.770278075,0,-0.226381176,0,0.091,0,http://scontent-icn1-1.cdninstagram.com/t51.2885-15/e35/18808836_1690314834595681_5243343276647383040_n.jpg?ig_cache_key=MTUzMDIwNDgzNDY2MTUzMTIxMg%3D%3D.2
482,1530315745070083064_4539890381,1,-0.339276929,0,0.671840909,1,0.091,0,http://scontent-icn1-1.cdninstagram.com/t51.2885-15/e35/18889048_436945553338174_3849272299106598912_n.jpg?ig_cache_key=MTUzMDMxNTc0NTA3MDA4MzA2NA%3D%3D.2&se=7
514,1530311918354809426_5549814474,0,-0.328463772,0,0.272631093,0,0.091,0,http://scontent-icn1-1.cdninstagram.com/t51.2885-15/e35/18879002_1082363945198477_5096165029565169664_n.jpg?ig_cache_key=MTUzMDMxMDM3NjI4NTUwNDAzOQ%3D%3D.2
532,1530292775282536696_348939102,1,-0.302203248,5,1.071050724,1,0.091,0,http://scontent-icn1-1.cdninstagram.com/t51.2885-15/e35/18809194_434485853573454_7339946250977935360_n.jpg?ig_cache_key=MTUzMDI5Mjc3NTI4MjUzNjY5Ng%3D%3D.2&se=7
549,1530247598275270482_1686989604,0,-0.292934828,0,1.470260539,1,0.091,0,http://scontent-icn1-1.cdninstagram.com/t51.2885-15/e35/18888552_1851682571749119_1040726023848591360_n.jpg?ig_cache_key=MTUzMDI0NzU5ODI3NTI3MDQ4Mg%3D%3D.2&se=7
575,1530245819026342864_1686989604,0,-0.306837458,0,1.470260539,1,0.091,0,http://scontent-icn1-1.cdninstagram.com/t51.2885-15/e35/18879337_230515437440134_6188811736234065920_n.jpg?ig_cache_key=MTUzMDI0NTgxOTAyNjM0Mjg2NA%3D%3D.2&se=7
601,1530242879480408639_1595164869,0,-0.305292722,3,0.771643362,1,0.091,0,http://scontent-icn1-1.cdninstagram.com/t51.2885-15/e35/18809620_1893384424242752_2089889257547104256_n.jpg?ig_cache_key=MTUzMDI0Mjg3OTQ4MDQwODYzOQ%3D%3D.2&se=7
622,1530237014728596947_4192055991,1,-0.306837458,1,0.871445816,1,0.091,0,http://scontent-icn1-1.cdninstagram.com/t51.2885-15/e35/18812731_1882744328655154_6347677151969411072_n.jpg?ig_cache_key=MTUzMDIzNzAxNDcyODU5Njk0Nw%3D%3D.2&se=7
647,1530231338518424561_2957066330,0,-0.296024301,4,1.071050724,1,0.091,0,http://scontent-icn1-1.cdninstagram.com/t51.2885-15/e35/18888665_360661587669790_3917267180500025344_n.jpg?ig_cache_key=MTUzMDIzMTMzODUxODQyNDU2MQ%3D%3D.2&se=7
668,1530174351817604128_3262141629,0,-0.296024301,4,0.97124827,1,0.091,0,http://scontent-icn1-1.cdninstagram.com/t51.2885-15/e35/18879737_472672239740647_6185831780549918720_n.jpg?ig_cache_key=MTUzMDE3NDM1MTgxNzYwNDEyOA%3D%3D.2&se=7
694,1530047274876374890_622621465,0,-0.317650615,5,-0.126578722,0,0.091,0,http://scontent-icn1-1.cdninstagram.com/t51.2885-15/e35/18947435_539422116448825_9211438719330942976_n.jpg?ig_cache_key=MTUzMDA0NzI3NDg3NjM3NDg5MA%3D%3D.2&se=7
720,1530302826612722807_3303121953,1,-0.35781377,1,0.871445816,0,0.061,0,http://scontent-icn1-1.cdninstagram.com/t51.2885-15/e35/18879331_1722432421382649_759064276190101504_n.jpg?ig_cache_key=MTUzMDMwMjgyNjYxMjcyMjgwNw%3D%3D.2&se=7
742,1530298725330342412_1535684346,0,-0.354724296,0,-0.825195899,0,0.061,0,http://scontent-icn1-1.cdninstagram.com/t51.2885-15/e35/18949566_116560672265775_3485301162532405248_n.jpg?ig_cache_key=MTUzMDI5ODA4NzQ0MzgwNDQxMg%3D%3D.2&se=7
759,1530296588281679752_242799172,0,-0.356269033,4,-0.825195899,0,0.061,0,http://scontent-icn1-1.cdninstagram.com/t51.2885-15/e35/18723497_1626777310698263_3095608793967362048_n.jpg?ig_cache_key=MTUzMDI5NjU4ODI4MTY3OTc1Mg%3D%3D.2&se=7
790,1530285254056434930_3899682277,0,-0.36708219,0,-0.825195899,0,0.061,0,http://scontent-icn1-1.cdninstagram.com/t51.2885-15/e35/18812880_1339052859482524_6451167739041021952_n.jpg?ig_cache_key=MTUzMDI4NDU4Mjk1MTE1NTAxOQ%3D%3D.2
814,1530278170682847234_1778497125,0,-0.333097983,1,-0.226381176,0,0.061,0,http://scontent-icn1-1.cdninstagram.com/t51.2885-15/e35/18879821_1332273250226069_700559829411823616_n.jpg?ig_cache_key=MTUzMDI3Njg5MTMwMjY4ODI2Mw%3D%3D.2&se=7
835,1530226289405974921_2208711752,1,-0.347000613,0,-0.725393445,1,0.061,0,http://scontent-icn1-1.cdninstagram.com/t51.2885-15/e35/18889034_1673726642655055_6543716141011828736_n.jpg?ig_cache_key=MTUzMDIyNjI4OTQwNTk3NDkyMQ%3D%3D.2&se=7
864,1530158226623041361_1976616583,0,-0.308382195,6,-0.32618363,0,0.061,0,http://scontent-icn1-1.cdninstagram.com/t51.2885-15/e35/18812138_1786250188354866_4354910956254396416_n.jpg?ig_cache_key=MTUzMDE1NjMyMTM1MTk2NTEzNQ%3D%3D.2&se=7
896,1529869928244819852_2309185613,1,-0.303747985,1,-0.026776268,1,0.061,0,http://scontent-icn1-1.cdninstagram.com/t51.2885-15/e35/18947446_246869079126245_6792404179198410752_n.jpg?ig_cache_key=MTUyOTg2OTkyODI0NDgxOTg1Mg%3D%3D.2&se=7
917,1529861032796651670_1515705473,1,-0.339276929,0,-0.32618363,0,0.061,0,http://scontent-icn1-1.cdninstagram.com/t51.2885-15/e35/18723369_170245386844019_2753524845093322752_n.jpg?ig_cache_key=MTUyOTg2MTAzMjc5NjY1MTY3MA%3D%3D.2&se=7
948,1530121204726484347_4012532719,0,3.27540698,3,-0.425986083,0,0.03,0,http://scontent-icn1-1.cdninstagram.com/t51.2885-15/e35/18879425_1460604030653050_381139134468587520_n.jpg?ig_cache_key=MTUzMDEyMTIwNDcyNjQ4NDM0Nw%3D%3D.2&se=7
978,1530119918710765018_4011070710,0,3.297033294,1,-0.32618363,0,0.03,0,http://scontent-icn1-1.cdninstagram.com/t51.2885-15/e35/18812174_1364036813632692_1678946760896020480_n.jpg?ig_cache_key=MTUzMDExOTkxODcxMDc2NTAxOA%3D%3D.2&se=7
1008,1530112733331888929_3441546607,0,3.230609615,0,-0.825195899,1,0.03,0,http://scontent-icn1-1.cdninstagram.com/t51.2885-15/e35/18888899_299504810508140_8824098438065946624_n.jpg?ig_cache_key=MTUzMDExMjczMzMzMTg4ODkyOQ%3D%3D.2&se=7
1039,1528100695319230931_3441667281,0,3.164185937,4,-0.825195899,1,0.03,0,http://scontent-icn1-1.cdninstagram.com/t51.2885-15/e35/18879388_375513756183673_1841202310282215424_n.jpg?ig_cache_key=MTUyODEwMDY5NTMxOTIzMDkzMQ%3D%3D.2&se=7
1062,1530307051048528795_4330835926,0,-0.363992717,0,-0.226381176,1,0.03,0,http://scontent-icn1-1.cdninstagram.com/t51.2885-15/e35/18947386_134772220420930_398355034133233664_n.jpg?ig_cache_key=MTUzMDMwNDEwMjgzODcwMTM1OQ%3D%3D.2&se=7
1086,1530305984269848141_469816608,0,-0.360903243,0,-0.32618363,1,0.03,0,http://scontent-icn1-1.cdninstagram.com/t51.2885-15/e35/18723582_297869823986479_4614906427855601664_n.jpg?ig_cache_key=MTUzMDMwNTI1NDI5MzE4ODUyNQ%3D%3D.2&se=7
1113,1530305510690320098_1111112496,0,-0.340821666,0,0.073026186,1,0.03,0,http://scontent-icn1-1.cdninstagram.com/t51.2885-15/e35/18888906_316512522116898_295301636077649920_n.jpg?ig_cache_key=MTUzMDMwNTUxMDY5MDMyMDA5OA%3D%3D.2
1138,1530305322634706360_1111112496,1,-0.350090086,0,0.17282864,1,0.03,0,http://scontent-icn1-1.cdninstagram.com/t51.2885-15/e35/18947907_1972735396291368_4683420149888319488_n.jpg?ig_cache_key=MTUzMDMwNTMyMjYzNDcwNjM2MA%3D%3D.2
1174,1530305131768553795_1111112496,0,-0.345455876,0,-0.126578722,1,0.03,0,http://scontent-icn1-1.cdninstagram.com/t51.2885-15/e35/18808761_1446926002030818_651977543066320896_n.jpg?ig_cache_key=MTUzMDMwNTEzMTc2ODU1Mzc5NQ%3D%3D.2
1191,1530303610159624652_4192055991,1,-0.342366403,0,-0.026776268,1,0.03,0,http://scontent-icn1-1.cdninstagram.com/t51.2885-15/e35/18514135_241090379709928_4638941163628265472_n.jpg?ig_cache_key=MTUzMDMwMzYxMDE1OTYyNDY1Mg%3D%3D.2&se=7
1208,1530271007313704280_5367358548,0,-0.359358507,0,-0.725393445,1,0.03,1,http://scontent-icn1-1.cdninstagram.com/t51.2885-15/e35/18879794_418075305242450_1034870518840295424_n.jpg?ig_cache_key=MTUzMDI2NzMyMjc2MDE3NjA3Mw%3D%3D.2&se=7
1234,1530259700805145074_4203531709,1,-0.351634823,1,-1.024800806,0,0.03,0,http://scontent-icn1-1.cdninstagram.com/t51.2885-15/e35/18382080_501116003613430_7867958689850720256_n.jpg?ig_cache_key=MTUzMDI1OTcwMDgwNTE0NTA3NA%3D%3D.2&se=7
1260,1530238090675977177_2930280809,0,-0.342366403,1,-1.12460326,0,0.03,0,http://scontent-icn1-1.cdninstagram.com/t51.2885-15/e35/18812392_135738846985431_7799083219902529536_n.jpg?ig_cache_key=MTUzMDIzODA5MDY3NTk3NzE3Nw%3D%3D.2&se=7
1278,1530234211238482864_1942743159,0,-0.360903243,0,-0.924998352,0,0.03,0,http://scontent-icn1-1.cdninstagram.com/t51.2885-15/e35/18878905_750487278458612_9188063033404948480_n.jpg?ig_cache_key=MTUzMDIzNDIxMTIzODQ4Mjg2NA%3D%3D.2&se=7
1304,1530232345502733838_1700559109,0,-0.35317956,1,-0.825195899,1,0.03,0,http://scontent-icn1-1.cdninstagram.com/t51.2885-15/e35/18812372_306306833153133_3936951887495954432_n.jpg?ig_cache_key=MTUzMDIzMjM0NTUwMjczMzgzOA%3D%3D.2&se=7
1328,1530231984458324528_726530321,0,-0.308382195,3,-0.625590991,1,0.03,0,http://scontent-icn1-1.cdninstagram.com/t51.2885-15/e35/18888555_796557163850854_1049453728106545152_n.jpg?ig_cache_key=MTUzMDIzMTk4NDQ1ODMyNDUyOA%3D%3D.2&se=7
1354,1530230505194419707_726530321,0,-0.317650615,0,-0.825195899,1,0.03,0,http://scontent-icn1-1.cdninstagram.com/t51.2885-15/e35/18947398_301823816936745_958817067618795520_n.jpg?ig_cache_key=MTUzMDIzMDUwNTE5NDQxOTcwNw%3D%3D.2&se=7
1375,1530228027988122938_197239166,1,-0.337732193,0,-0.825195899,0,0.03,0,http://scontent-icn1-1.cdninstagram.com/t51.2885-15/e35/18947616_1275274165918867_2298224695008296960_n.jpg?ig_cache_key=MTUzMDIyODAyNzk4ODEyMjkzOA%3D%3D.2&se=7
1400,1530225333650175784_1547898213,0,-0.288300618,4,-0.026776268,1,0.03,0,http://scontent-icn1-1.cdninstagram.com/t51.2885-15/e35/18879410_184048198789927_1056953286466207744_n.jpg?ig_cache_key=MTUzMDIyMzYwMjIwNzkzOTExOA%3D%3D.2&se=7
1425,1530221075216272742_1323003014,0,-0.356269033,0,-0.725393445,0,0.03,0,http://scontent-icn1-1.cdninstagram.com/t51.2885-15/e35/18809346_1570372636340078_7500530181912657920_n.jpg?ig_cache_key=MTUzMDIyMTA3NTIxNjI3Mjc0Mg%3D%3D.2&se=7
1449,1530215655479398722_1417641258,0,-0.345455876,0,-0.725393445,0,0.03,0,http://scontent-icn1-1.cdninstagram.com/t51.2885-15/e35/18879525_1843980145865126_2414234570581868544_n.jpg?ig_cache_key=MTUzMDIxMzA2NzQ4NDc0MjM2NA%3D%3D.2&se=7
1464,1530208651855776464_216606785,0,-0.325374299,0,-0.924998352,1,0.03,0,http://scontent-icn1-1.cdninstagram.com/t51.2885-15/e35/18888786_261697600972785_8712705167004270592_n.jpg?ig_cache_key=MTUzMDIwODY1MTg1NTc3NjQ2NA%3D%3D.2&se=7
1490,1530201292562014917_917905977,0,-0.297569038,2,-0.725393445,1,0.03,0,http://scontent-icn1-1.cdninstagram.com/t51.2885-15/e35/18812887_291214471343480_1952843160438702080_n.jpg?ig_cache_key=MTUzMDIwMTI5MjU2MjAxNDkxNw%3D%3D.2&se=7
1516,1530200379420492990_4109969808,1,-0.337732193,0,-1.12460326,0,0.03,0,http://scontent-icn1-1.cdninstagram.com/t51.2885-15/e35/18947830_1405263616187841_2333951353962889216_n.jpg?ig_cache_key=MTUzMDIwMDM3OTQyMDQ5Mjk5MA%3D%3D.2&se=7
1542,1530197118408810169_30766137,0,-0.300658512,2,-0.425986083,1,0.03,0,http://scontent-icn1-1.cdninstagram.com/t51.2885-15/e35/18879033_232125213945880_6079151682044821504_n.jpg?ig_cache_key=MTUzMDE5NzExODQwODgxMDE2OQ%3D%3D.2&se=7
1560,1530194226829486521_2260050311,0,-0.34391114,3,-0.32618363,1,0.03,0,http://scontent-icn1-1.cdninstagram.com/t51.2885-15/e35/18879394_241938799626453_3322823735135698944_n.jpg?ig_cache_key=MTUzMDE5Mzg1MTM3MjAyMjQ0Nw%3D%3D.2
1590,1530174576792122462_5408914332,0,-0.339276929,1,-1.12460326,1,0.03,0,http://scontent-icn1-1.cdninstagram.com/t51.2885-15/e35/18879284_457587744578413_8472164471324803072_n.jpg?ig_cache_key=MTUzMDE3NDU3Njc5MjEyMjQ2Mg%3D%3D.2&se=7
1605,1530148868745042272_5536772706,1,-0.34854535,0,-0.525788537,1,0.03,1,http://scontent-icn1-1.cdninstagram.com/t51.2885-15/e35/18879032_903264736494219_8728153670446743552_n.jpg?ig_cache_key=MTUzMDE0ODg2ODc0NTA0MjI3Mg%3D%3D.2&se=7
1628,1530128585535291808_3597964356,0,-0.323829562,0,-0.525788537,0,0.03,0,http://scontent-icn1-1.cdninstagram.com/t51.2885-15/e35/18812768_1104367779706946_8041320303109865472_n.jpg?ig_cache_key=MTUzMDEyODU4NTUzNTI5MTgwOA%3D%3D.2&se=7
1659,1530126734078569866_4047584681,1,-0.345455876,9,-1.12460326,0,0.03,0,http://scontent-icn1-1.cdninstagram.com/t51.2885-15/e35/18812866_449179238775018_7465347368896954368_n.jpg?ig_cache_key=MTUzMDEyNjczNDA3ODU2OTg2Ng%3D%3D.2&se=7
1677,1530122457524272548_664049347,0,-0.340821666,0,-0.425986083,0,0.03,0,http://scontent-icn1-1.cdninstagram.com/t51.2885-15/e35/18888438_1875556149378202_2227285939950977024_n.jpg?ig_cache_key=MTUzMDEyMjQ1NzUyNDI3MjU0OA%3D%3D.2&se=7
1700,1530103656530850033_4573497175,0,-0.330008509,5,-1.024800806,1,0.03,0,http://scontent-icn1-1.cdninstagram.com/t51.2885-15/e35/18888558_113805335881233_6799540671087640576_n.jpg?ig_cache_key=MTUzMDEwMzY1NjUzMDg1MDAzMw%3D%3D.2
1725,1530046652684277545_1480693921,0,-0.285211144,3,-0.525788537,0,0.03,0,http://scontent-icn1-1.cdninstagram.com/t51.2885-15/e35/18878958_243437902806494_8771062824685273088_n.jpg?ig_cache_key=MTUzMDA0NjY1MjY4NDI3NzU0NQ%3D%3D.2&se=7
1756,1530038621095277318_1522667847,0,-0.36244798,1,-1.024800806,1,0.03,0,http://scontent-icn1-1.cdninstagram.com/t51.2885-15/e35/18879065_1326534630797700_4619552366994128896_n.jpg?ig_cache_key=MTUzMDAzODAyMDQ4NzcxMjM0NA%3D%3D.2&se=7
1782,1529871746356872274_4196108312,0,-0.347000613,3,-1.12460326,0,0.03,0,http://scontent-icn1-1.cdninstagram.com/t51.2885-15/e35/18812062_100630313876133_1471232779432755200_n.jpg?ig_cache_key=MTUyOTg3MTc0NjM1Njg3MjI3NA%3D%3D.2&se=7
1809,1529830489849123473_1247901416,0,-0.14155063,0,-1.324208168,0,0,1,http://scontent-icn1-1.cdninstagram.com/t51.2885-15/e35/18812912_1774176342892900_6749127178190848000_n.jpg?ig_cache_key=MTUyOTgzMDQ4OTg0OTEyMzQ3Mw%3D%3D.2&se=7
1837,1530281254845687669_3286892816,0,-0.269763777,4,-1.324208168,1,0,1,http://scontent-icn1-1.cdninstagram.com/t51.2885-15/e35/18879591_103101263627592_7364623548217819136_n.jpg?ig_cache_key=MTUzMDI4MTI1NDg0NTY4NzY2OQ%3D%3D.2&se=7
1868,1530280628502042909_1639764176,0,-0.215697992,4,-1.324208168,1,0,1,http://scontent-icn1-1.cdninstagram.com/t51.2885-15/e35/18879272_318921685207076_3059223948454526976_n.jpg?ig_cache_key=MTUzMDI4MDYyODUwMjA0MjkwOQ%3D%3D.2&se=7
1891,1530230164801501084_4871263682,0,-0.308382195,3,-1.324208168,0,0,1,http://scontent-icn1-1.cdninstagram.com/t51.2885-15/e35/18879221_1871396686456961_7545653168453976064_n.jpg?ig_cache_key=MTUzMDIzMDE2NDgwMTUwMTA4NA%3D%3D.2&se=7
1918,1530156294038972164_3286892816,0,-0.214153256,4,-1.324208168,1,0,1,http://scontent-icn1-1.cdninstagram.com/t51.2885-15/e35/18878985_481011285583764_5411146235857862656_n.jpg?ig_cache_key=MTUzMDE1NjI5NDAzODk3MjE2NA%3D%3D.2&se=7
1935,1530155911610889261_1639764176,0,-0.133826946,11,-1.324208168,1,0,1,http://scontent-icn1-1.cdninstagram.com/t51.2885-15/e35/18879289_423214271399271_4410786453550792704_n.jpg?ig_cache_key=MTUzMDE1NTkxMTYxMDg4OTI2MQ%3D%3D.2&se=7
1962,1529851296936846436_790438211,0,-0.330008509,3,-0.924998352,1,0,0,http://scontent-icn1-1.cdninstagram.com/t51.2885-15/e35/18812618_294681627646277_390913582386118656_n.jpg?ig_cache_key=MTUyOTg1MDQxMzQ4MTk4NzcyNQ%3D%3D.2&se=7
